Workbook
Name RawInput: 'Input'!$A$1:$E$5
Name CleanedSpend: 'Cleaned'!$C$2:$C$5

Sheet Input
A1: Customer | B1: Email | C1: Spend | D1: Status | E1: Duplicate Flag
A2: Ada Lovelace | B2: ada@example.com | C2: $1,200 | D2: Active
A3: Ada Lovelace | B3: ada@example.com | C3: $1,200 | D3: Active | E3: Duplicate
A4: Lin Chen | B4: lin@example.com | C4: 900 | D4: Trial
A5: Maya Singh | B5: maya@example.com | C5: $2,450 | D5: Active

Sheet Cleaned
A1: Customer | B1: Email | C1: Spend Numeric | D1: Status | E1: Included
A2: =Input!A2 | B2: =LOWER(Input!B2) | C2: =VALUE(SUBSTITUTE(Input!C2,"$","") ) | D2: =Input!D2 | E2: =IF(Input!E2="Duplicate","No","Yes")
A3: =Input!A3 | B3: =LOWER(Input!B3) | C3: =VALUE(SUBSTITUTE(Input!C3,"$","") ) | D3: =Input!D3 | E3: =IF(Input!E3="Duplicate","No","Yes")
A4: =Input!A4 | B4: =LOWER(Input!B4) | C4: =VALUE(SUBSTITUTE(Input!C4,"$","") ) | D4: =Input!D4 | E4: =IF(Input!E4="Duplicate","No","Yes")
A5: =Input!A5 | B5: =LOWER(Input!B5) | C5: =VALUE(SUBSTITUTE(Input!C5,"$","") ) | D5: =Input!D5 | E5: =IF(Input!E5="Duplicate","No","Yes")
A6: Total Included Spend | C6: =SUMIF(E2:E5,"Yes",C2:C5)
